Workbook

Sheet Окно
A1: Перетаскивайте строки игроков между клубами. Зелёный = новый в клубе (IN). Счётчики IN/OUT — до 5.
A3: ="Цска "&MIN(5,SUMPRODUCT((LEN(A$5:A$33)>0)*(ISERROR(MATCH(A$5:A$33,_orig!$A$2:$A$27,0)))))&"/5 IN "&MIN(5,SUMPRODUCT((LEN(_orig!$A$2:$A$27)>0)*(ISERROR(MATCH(_orig!$A$2:$A$27,A$5:A$33,0)))))&"/5 OUT" | F3: ="Зенит "&MIN(5,SUMPRODUCT((LEN(F$5:F$33)>0)*(ISERROR(MATCH(F$5:F$33,_orig!$B$2:$B$25,0)))))&"/5 IN "&MIN(5,SUMPRODUCT((LEN(_orig!$B$2:$B$25)>0)*(ISERROR(MATCH(_orig!$B$2:$B$25,F$5:F$33,0)))))&"/5 OUT" | K3: ="Краснодар "&MIN(5,SUMPRODUCT((LEN(K$5:K$33)>0)*(ISERROR(MATCH(K$5:K$33,_orig!$C$2:$C$26,0)))))&"/5 IN "&MIN(5,SUMPRODUCT((LEN(_orig!$C$2:$C$26)>0)*(ISERROR(MATCH(_orig!$C$2:$C$26,K$5:K$33,0)))))&"/5 OUT" | P3: ="Локомотив "&MIN(5,SUMPRODUCT((LEN(P$5:P$33)>0)*(ISERROR(MATCH(P$5:P$33,_orig!$D$2:$D$26,0)))))&"/5 IN "&MIN(5,SUMPRODUCT((LEN(_orig!$D$2:$D$26)>0)*(ISERROR(MATCH(_orig!$D$2:$D$26,P$5:P$33,0)))))&"/5 OUT" | U3: ="Спартак "&MIN(5,SUMPRODUCT((LEN(U$5:U$33)>0)*(ISERROR(MATCH(U$5:U$33,_orig!$E$2:$E$25,0)))))&"/5 IN "&MIN(5,SUMPRODUCT((LEN(_orig!$E$2:$E$25)>0)*(ISERROR(MATCH(_orig!$E$2:$E$25,U$5:U$33,0)))))&"/5 OUT" | Z3: ="Динамо "&MIN(5,SUMPRODUCT((LEN(Z$5:Z$33)>0)*(ISERROR(MATCH(Z$5:Z$33,_orig!$F$2:$F$27,0)))))&"/5 IN "&MIN(5,SUMPRODUCT((LEN(_orig!$F$2:$F$27)>0)*(ISERROR(MATCH(_orig!$F$2:$F$27,Z$5:Z$33,0)))))&"/5 OUT" | AE3: ="Крылья Советов "&MIN(5,SUMPRODUCT((LEN(AE$5:AE$33)>0)*(ISERROR(MATCH(AE$5:AE$33,_orig!$G$2:$G$26,0)))))&"/5 IN "&MIN(5,SUMPRODUCT((LEN(_orig!$G$2:$G$26)>0)*(ISERROR(MATCH(_orig!$G$2:$G$26,AE$5:AE$33,0)))))&"/5 OUT" | AJ3: ="Урал "&MIN(5,SUMPRODUCT((LEN(AJ$5:AJ$33)>0)*(ISERROR(MATCH(AJ$5:AJ$33,_orig!$H$2:$H$26,0)))))&"/5 IN "&MIN(5,SUMPRODUCT((LEN(_orig!$H$2:$H$26)>0)*(ISERROR(MATCH(_orig!$H$2:$H$26,AJ$5:AJ$33,0)))))&"/5 OUT"
B4: старт | G4: старт | L4: старт | Q4: старт | V4: старт | AA4: старт | AF4: старт | AK4: старт
A5: Балогун | B5: ФРВ | C5: 79 | F5: Давид | G5: ФРВ | H5: 83 | K5: Буанга | L5: ЛФА | M5: 80 | P5: Бардакджы | Q5: ЦЗ | R5: 80 | U5: Орта | V5: ЦАП | W5: 82 | Z5: Альварез | AA5: ЦЗ | AB5: 83 | AE5: Бонджорно | AF5: ЦЗ | AG5: 78 | AJ5: Гудмундсон | AK5: ЦАП | AL5: 78
A6: Гроб | B6: ЦП | C6: 79 | F6: Кержаков | G6: ВРТ | H6: 82 | K6: Верету | L6: ЦП | M6: 80 | P6: Гедеш | Q6: ФРВ | R6: 79 | U6: Данк | V6: ЦЗ | W6: 81 | Z6: Карраскаль | AA6: ЦАП | AB6: 81 | AE6: Ито | AF6: ЛЗ | AG6: 78 | AJ6: Лафонт | AK6: ВРТ | AL6: 78
A7: Вебстер | B7: ЦЗ | C7: 78 | F7: Трехо | G7: ЦП | H7: 82 | K7: Лопез | L7: ВРТ | M7: 80 | P7: Муссо | Q7: ВРТ | R7: 79 | U7: Далот | V7: ЦП | W7: 80 | Z7: Хенри | AA7: ЛЗ | AB7: 80 | AE7: Фергюсон | AF7: ЦАП | AG7: 78 | AJ7: Ольсен | AK7: ЛФА | AL7: 78
A8: Симеоне | B8: ФРВ | C8: 78 | F8: Заха | G8: ЛФА | H8: 81 | K8: Клюверт | L8: ЦАП | M8: 79 | P8: Франковски | Q8: ПЗ | R8: 79 | U8: Мухтар | V8: ФРВ | W8: 80 | Z8: Шешко | AA8: ФРВ | AB8: 80 | AE8: Какерет | AF8: ЦП | AG8: 77 | AJ8: Каштанов | AK8: ФРВ | AL8: 77
A9: Спортиелло | B9: ВРТ | C9: 78 | F9: Фомин | G9: ЦАП | H9: 81 | K9: Умтити | L9: ЦЗ | M9: 79 | P9: Виффер | Q9: ЦП | R9: 78 | U9: Пепе | V9: ФРВ | W9: 80 | Z9: Альваро Гарсия | AA9: ЛФА | AB9: 79 | AE9: Ниакате | AF9: ЦЗ | AG9: 77 | AJ9: Егорычев | AK9: ЦП | AL9: 76
A10: Мойзес | B10: ЛЗ | C10: 77 | F10: Алип | G10: ЦЗ | H10: 80 | K10: Диоманде | L10: ЦЗ | M10: 78 | P10: Миранчук | Q10: ЦАП | R10: 78 | U10: Маркао | V10: ЦЗ | W10: 78 | Z10: Мауро | AA10: ПЗ | AB10: 79 | AE10: Рахманович | AF10: ЦП | AG10: 77 | AJ10: Бевеев | AK10: ПЗ | AL10: 75
A11: Тиллман | B11: ЦАП | C11: 77 | F11: Шутало | G11: ЦЗ | H11: 80 | K11: Жедсон | L11: ЦП | M11: 78 | P11: Кастильехо | Q11: ПФА | R11: 77 | U11: Маффео | V11: ПЗ | W11: 78 | Z11: Трубин | AA11: ВРТ | AB11: 79 | AE11: Гарре | AF11: ПФА | AG11: 76 | AJ11: Бегич | AK11: ЦЗ | AL11: 75
A12: Сако | B12: ПЗ | C12: 75 | F12: Абдулхамид | G12: ПЗ | H12: 78 | K12: Макс | L12: ЛЗ | M12: 78 | P12: Локо | Q12: ЛЗ | R12: 77 | U12: Зобнин | V12: ЦП | W12: 77 | Z12: Чавез | AA12: ЦП | AB12: 79 | AE12: Писарский | AF12: ФРВ | AG12: 76 | AJ12: Дмитриев | AK12: ПФА | AL12: 74
A13: Зджелар | B13: ЦЗ | C13: 73 | F13: Вильмар Барриос | G13: ЦП | H13: 78 | K13: Мата | L13: ПЗ | M13: 77 | P13: Теате | Q13: ЦЗ | R13: 77 | U13: Игнатов | V13: ЦП | W13: 75 | Z13: О'райли | AA13: ЦП | AB13: 78 | AE13: Ломаев | AF13: ВРТ | AG13: 74 | AJ13: Мишкич | AK13: ЦП | AL13: 72
A14: Мендес | B14: ЦП | C14: 73 | F14: Труфферт | G14: ЛЗ | H14: 77 | K14: Жуниор | L14: ПФА | M14: 76 | P14: Баринов | Q14: ЦП | R14: 75 | U14: Бабич | V14: ЛЗ | W14: 72 | Z14: Ругани | AA14: ЦЗ | AB14: 77 | AE14: Костанца | AF14: ПЗ | AG14: 73 | AJ14: Кики | AK14: ЛЗ | AL14: 71
A15: Дивеев | B15: ЦЗ | C15: 70 | F15: Нгамалу | G15: ПФА | H15: 76 | K15: Кокшаров | L15: ФРВ | M15: 75 | P15: Диатта | Q15: ЛФА | R15: 75 | U15: Селихов | V15: ВРТ | W15: 71 | Z15: Силас | AA15: ПФА | AB15: 76 | AE15: Салтыков | AF15: ЛФА | AG15: 73 | AJ15: Эмерсон | AK15: ЦЗ | AL15: 69
B16: запас | G16: запас | L16: запас | Q16: запас | V16: запас | AA16: запас | AF16: запас | AK16: запас
A17: Чилвелл | B17: ПЗ | C17: 80 | F17: Бовен | G17: ПФА | H17: 81 | K17: Ляказет | L17: ФРВ | M17: 83 | P17: Фабиански | Q17: ВРТ | R17: 79 | U17: Митома | V17: ЛФА | W17: 82 | Z17: Сангаре | AA17: ЦОП | AB17: 81 | AE17: Тарковски | AF17: ЦЗ | AG17: 79 | AJ17: Саванье | AK17: ЦАП | AL17: 80
A18: Манданда | B18: ВРТ | C18: 79 | F18: Сельс | G18: ВРТ | H18: 79 | K18: Теума | L18: ЦП | M18: 79 | P18: Чалов | Q18: ФРВ | R18: 78 | U18: Бето | V18: ФРВ | W18: 81 | Z18: Антонио | AA18: ФРВ | AB18: 78 | AE18: Гуаита | AF18: ВРТ | AG18: 78 | AJ18: Ареола | AK18: ВРТ | AL18: 78
A19: Заболотный | B19: ФРВ | C19: 76 | F19: Павар | G19: ЦЗ | H19: 78 | K19: Салах | L19: ПФА | M19: 78 | P19: Одриозола | Q19: ПЗ | R19: 76 | U19: Ми | V19: ЦЗ | W19: 79 | Z19: Ле Фе | AA19: ЦП | AB19: 77 | AE19: Дауд | AF19: ЦП | AG19: 78 | AJ19: Гиго | AK19: ЦЗ | AL19: 78
A20: Кучаев | B20: ЦАП | C20: 76 | F20: Эмболо | G20: ФРВ | H20: 78 | K20: Алонсо | L20: ЦЗ | M20: 77 | P20: Мартинш | Q20: ПП | R20: 75 | U20: Максименко | V20: ВРТ | W20: 77 | Z20: Тёрнер | AA20: ВРТ | AB20: 77 | AE20: Калимуендо | AF20: ФРВ | AG20: 76 | AJ20: Ранделович | AK20: ЛФА | AL20: 75
A21: Роша | B21: ЦЗ | C21: 76 | F21: Караваев | G21: ПЗ | H21: 74 | K21: Боржес | L21: ЦАП | M21: 73 | P21: Данило | Q21: ЦЗ | R21: 74 | U21: Мартинс | V21: ЦП | W21: 71 | Z21: Патрик | AA21: ЦЗ | AB21: 76 | AE21: Горшков | AF21: ЛЗ | AG21: 74 | AJ21: Биль | AK21: ПЗ | AL21: 72
A22: Адингра | B22: ЛФА | C22: 75 | F22: Ду Кейрош | G22: ЦП | H22: 73 | K22: Волков | L22: ПЗ | M22: 72 | P22: Пиняев | Q22: ЛФА | R22: 74 | U22: Пруцев | V22: ЦП | W22: 71 | Z22: Гиттенс | AA22: ЛФА | AB22: 75 | AE22: Бабкин | AF22: ЦАП | AG22: 73 | AJ22: Кокорин | AK22: ПФА | AL22: 72
A23: Мухин | B23: ЦП | C23: 71 | F23: Коваленко | G23: ЦАП | H23: 71 | K23: Агкацев | L23: ВРТ | M23: 71 | P23: Карпукас | Q23: ЦП | R23: 70 | U23: Рябчук | V23: ЛЗ | W23: 71 | Z23: Даса | AA23: ПЗ | AB23: 73 | AE23: Боргес | AF23: ЛП | AG23: 67 | AJ23: Палмер | AK23: ЦАП | AL23: 68
B24: резерв | G24: резерв | L24: резерв | Q24: резерв | V24: резерв | AA24: резерв | AF24: резерв | AK24: резерв
A25: Де Томас | B25: ФРВ | C25: 79 | F25: Градит | G25: ЦЗ | H25: 78 | K25: Милла | L25: ЦП | M25: 78 | P25: Капрари | Q25: ФРВ | R25: 77 | U25: Фуллкруг | V25: ФРВ | W25: 81 | Z25: Салемайкерс | AA25: ПФА | AB25: 78 | AE25: Риччи | AF25: ЦП | AG25: 75 | AJ25: Менди | AK25: ВРТ | AL25: 81
A26: Кайо Энрике | B26: ЛЗ | C26: 78 | F26: Паласиос | G26: ПФА | H26: 75 | K26: Тимбер | L26: ЦП | M26: 77 | P26: Минамино | Q26: ФРВ | R26: 76 | U26: Эдвардс | V26: ПФА | W26: 80 | Z26: Бальбуэна | AA26: ЦЗ | AB26: 76 | AE26: Эдуард | AF26: ФРВ | AG26: 75 | AJ26: Гуе | AK26: ЦП | AL26: 77
A27: Витинья | B27: ФРВ | C27: 76 | F27: Еракович | G27: ЦЗ | H27: 74 | K27: Черников | L27: ЦП | M27: 76 | P27: Глушенков | Q27: ПФА | R27: 75 | U27: Нандез | V27: ПФА | W27: 76 | Z27: Грулёв | AA27: ЛФА | AB27: 73 | AE27: Евгеньев | AF27: ЦЗ | AG27: 73 | AJ27: Мунетси | AK27: ЦП | AL27: 77
A28: Мудрык | B28: ФРВ | C28: 73 | F28: Ерохин | G28: ЦП | H28: 74 | K28: Барриос | L28: ЦОП | M28: 74 | P28: Сулейманов | Q28: ФРВ | R28: 73 | U28: Тезе | V28: ПЗ | W28: 76 | Z28: Маричаль | AA28: ЦЗ | AB28: 73 | AE28: Ежов | AF28: ПФА | AG28: 70 | AJ28: Лападула | AK28: ФРВ | AL28: 75
A29: Хелльвен | B29: ПЗ | C29: 73 | F29: Мантуан | G29: ЛФА | H29: 72 | K29: Кайо | L29: ЦЗ | M29: 74 | P29: Тикнизян | Q29: ПЗ | R29: 73 | U29: Зиньковский | V29: ЛФА | W29: 74 | Z29: Скопинцев | AA29: ЛЗ | AB29: 73 | AE29: Иванисеня | AF29: ЦП | AG29: 70 | AJ29: Мамин | AK29: ЦЗ | AL29: 72
A30: Файзуллаев | B30: ПФА | C30: 71 | F30: Чистяков | G30: ЦЗ | H30: 70 | K30: Олаза | L30: ЛЗ | M30: 74 | P30: Самошников | Q30: ЛЗ | R30: 71 | U30: Хлусевич | V30: ПЗ | W30: 71 | Z30: Фернандез | AA30: ЦЗ | AB30: 73 | AE30: Рассказов | AF30: ПЗ | AG30: 70 | AJ30: Газинский | AK30: ЦП | AL30: 71
A31: Агапов | B31: ЦЗ | C31: 68 | K31: Кривцов | L31: ЦАП | M31: 71 | P31: Сильянов | Q31: ПЗ | R31: 70 | Z31: Бителло | AA31: ЦАП | AB31: 71 | AE31: Йилдыз | AF31: ФРВ | AG31: 64 | AJ31: Юшин | AK31: ПФА | AL31: 71
A32: Ермаков | B32: ЦП | C32: 68 | Z32: Гагнидзе | AA32: ЦП | AB32: 68
A36: ="Сити "&MIN(5,SUMPRODUCT((LEN(A$38:A$66)>0)*(ISERROR(MATCH(A$38:A$66,_orig!$I$2:$I$26,0)))))&"/5 IN "&MIN(5,SUMPRODUCT((LEN(_orig!$I$2:$I$26)>0)*(ISERROR(MATCH(_orig!$I$2:$I$26,A$38:A$66,0)))))&"/5 OUT" | F36: ="Мю "&MIN(5,SUMPRODUCT((LEN(F$38:F$66)>0)*(ISERROR(MATCH(F$38:F$66,_orig!$J$2:$J$26,0)))))&"/5 IN "&MIN(5,SUMPRODUCT((LEN(_orig!$J$2:$J$26)>0)*(ISERROR(MATCH(_orig!$J$2:$J$26,F$38:F$66,0)))))&"/5 OUT" | K36: ="Ливерпуль "&MIN(5,SUMPRODUCT((LEN(K$38:K$66)>0)*(ISERROR(MATCH(K$38:K$66,_orig!$K$2:$K$26,0)))))&"/5 IN "&MIN(5,SUMPRODUCT((LEN(_orig!$K$2:$K$26)>0)*(ISERROR(MATCH(_orig!$K$2:$K$26,K$38:K$66,0)))))&"/5 OUT" | P36: ="Арсенал "&MIN(5,SUMPRODUCT((LEN(P$38:P$66)>0)*(ISERROR(MATCH(P$38:P$66,_orig!$L$2:$L$26,0)))))&"/5 IN "&MIN(5,SUMPRODUCT((LEN(_orig!$L$2:$L$26)>0)*(ISERROR(MATCH(_orig!$L$2:$L$26,P$38:P$66,0)))))&"/5 OUT" | U36: ="Астон Вилла "&MIN(5,SUMPRODUCT((LEN(U$38:U$66)>0)*(ISERROR(MATCH(U$38:U$66,_orig!$M$2:$M$28,0)))))&"/5 IN "&MIN(5,SUMPRODUCT((LEN(_orig!$M$2:$M$28)>0)*(ISERROR(MATCH(_orig!$M$2:$M$28,U$38:U$66,0)))))&"/5 OUT" | Z36: ="Челси "&MIN(5,SUMPRODUCT((LEN(Z$38:Z$66)>0)*(ISERROR(MATCH(Z$38:Z$66,_orig!$N$2:$N$26,0)))))&"/5 IN "&MIN(5,SUMPRODUCT((LEN(_orig!$N$2:$N$26)>0)*(ISERROR(MATCH(_orig!$N$2:$N$26,Z$38:Z$66,0)))))&"/5 OUT" | AE36: ="Тоттенхэм "&MIN(5,SUMPRODUCT((LEN(AE$38:AE$66)>0)*(ISERROR(MATCH(AE$38:AE$66,_orig!$O$2:$O$27,0)))))&"/5 IN "&MIN(5,SUMPRODUCT((LEN(_orig!$O$2:$O$27)>0)*(ISERROR(MATCH(_orig!$O$2:$O$27,AE$38:AE$66,0)))))&"/5 OUT" | AJ36: ="Ньюкасл "&MIN(5,SUMPRODUCT((LEN(AJ$38:AJ$66)>0)*(ISERROR(MATCH(AJ$38:AJ$66,_orig!$P$2:$P$26,0)))))&"/5 IN "&MIN(5,SUMPRODUCT((LEN(_orig!$P$2:$P$26)>0)*(ISERROR(MATCH(_orig!$P$2:$P$26,AJ$38:AJ$66,0)))))&"/5 OUT"
B37: старт | G37: старт | L37: старт | Q37: старт | V37: старт | AA37: старт | AF37: старт | AK37: старт
A38: Де Брюйне | B38: ЦАП | C38: 92 | F38: Фернандеш | G38: ЦАП | H38: 89 | K38: Алиссон | L38: ВРТ | M38: 90 | P38: Салиба | Q38: ЦЗ | R38: 89 | U38: Мартинез | V38: ВРТ | W38: 85 | Z38: Марез | AA38: ФРВ | AB38: 89 | AE38: Сон | AF38: ЛФА | AG38: 88 | AJ38: Буну | AK38: ВРТ | AL38: 85
A39: Месси | B39: ПФА | C39: 90 | F39: Каземиро | G39: ЦОП | H39: 87 | K39: Жота | L39: ФРВ | M39: 90 | P39: Одегаард | Q39: ЦАП | R39: 88 | U39: Джеймс | V39: ПЗ | W39: 84 | Z39: Сильва | AA39: ЦЗ | AB39: 86 | AE39: Мэддисон | AF39: ЦАП | AG39: 84 | AJ39: Трипье | AK39: ПЗ | AL39: 85
A40: Холанд | B40: ФРВ | C40: 90 | F40: Милинкович-Савич | G40: ЦП | H40: 87 | K40: Мбаппе | L40: ЛФА | M40: 90 | P40: Хаверц | Q40: ФРВ | R40: 88 | U40: Торрес | V40: ЦЗ | W40: 83 | Z40: Стерлинг | AA40: ЛФА | AB40: 86 | AE40: Хёйберг | AF40: ЦП | AG40: 84 | AJ40: Исак | AK40: ФРВ | AL40: 84
A41: Тонали | B41: ЦП | C41: 89 | F41: Де Лигт | G41: ЦЗ | H41: 86 | K41: Смоллинг | L41: ЦЗ | M41: 90 | P41: Мерино | Q41: ЦП | R41: 87 | U41: Гакпо | V41: ФРВ | W41: 82 | Z41: Фофана | AA41: ЦЗ | AB41: 85 | AE41: Бентанкур | AF41: ЦП | AG41: 82 | AJ41: Рафа | AK41: ЛФА | AL41: 84
A42: Габриэль | B42: ЦЗ | C42: 88 | F42: Онана | G42: ВРТ | H42: 86 | K42: Александер-Арнольд | L42: ПЗ | M42: 87 | P42: Коло Муани | Q42: ЛФА | R42: 86 | U42: Сперцян | V42: ФРВ | W42: 82 | Z42: Энцо | AA42: ЦП | AB42: 85 | AE42: Ван Де Вен | AF42: ЦЗ | AG42: 82 | AJ42: Ботман | AK42: ЦЗ | AL42: 83
A43: Рэшфорд | B43: ЛФА | C43: 86 | F43: Брозович | G43: ЦП | H43: 84 | K43: Робертсон | L43: ЛЗ | M43: 87 | P43: Райс | Q43: ЦП | R43: 86 | U43: Тилеманс | V43: ЦП | W43: 82 | Z43: Санчез | AA43: ВРТ | AB43: 84 | AE43: Ромеро | AF43: ЦЗ | AG43: 82 | AJ43: Шар | AK43: ЦЗ | AL43: 83
A44: Уокер | B44: ПЗ | C44: 86 | F44: Марсиаль | G44: ФРВ | H44: 84 | K44: Конате | L44: ЦЗ | M44: 86 | P44: Габриэль Жезус | Q44: ПФА | R44: 85 | U44: Конса | V44: ЛЗ | W44: 80 | Z44: Фекир | AA44: ЦАП | AB44: 84 | AE44: Викарио | AF44: ВРТ | AG44: 81 | AJ44: Уиллок | AK44: ЦП | AL44: 82
A45: Гвардиоль | B45: ЛЗ | C45: 84 | F45: Ван-Биссака | G45: ПЗ | H45: 83 | K45: Коке | L45: ЦП | M45: 85 | P45: Тимбер | Q45: ПЗ | R45: 85 | U45: Морено | V45: ЛЗ | W45: 80 | Z45: Галлагер | AA45: ЦП | AB45: 80 | AE45: Порро | AF45: ПЗ | AG45: 81 | AJ45: Коне | AK45: ЦП | AL45: 79
A46: Стоунз | B46: ЦЗ | C46: 84 | F46: Хименес | G46: ЦЗ | H46: 83 | K46: Собослай | L46: ЦАП | M46: 84 | P46: Рамсдейл | Q46: ВРТ | R46: 84 | U46: Тодибо | V46: ЦЗ | W46: 80 | Z46: Маатсен | AA46: ЛЗ | AB46: 80 | AE46: Хулиан Альварез | AF46: ФРВ | AG46: 81 | AJ46: Перейра | AK46: ЦАП | AL46: 78
A47: Палинья | B47: ЦП | C47: 83 | F47: Маласия | G47: ЛЗ | H47: 82 | K47: Гравенберх | L47: ЦП | M47: 82 | P47: Акунья | Q47: ЛЗ | R47: 83 | U47: Ровелла | V47: ЦП | W47: 79 | Z47: Гюсто | AA47: ПЗ | AB47: 79 | AE47: Куадрадо | AF47: ПФА | AG47: 79 | AJ47: Эспино | AK47: ЛЗ | AL47: 78
A48: Эдерсон | B48: ВРТ | C48: 80 | F48: Нуньес | G48: ФРВ | H48: 82 | K48: Олисе | L48: ПФА | M48: 80 | P48: Диаш | Q48: ЦЗ | R48: 82 | U48: Рэмзи | V48: ЦАП | W48: 74 | Z48: Мадуэке | AA48: ПФА | AB48: 78 | AE48: Сантос | AF48: ЛЗ | AG48: 79 | AJ48: Хараслин | AK48: ПФА | AL48: 77
B49: запас | G49: запас | L49: запас | Q49: запас | V49: запас | AA49: запас | AF49: запас | AK49: запас
A50: Ковачич | B50: ЦП | C50: 85 | F50: Лисандро Мартинез | G50: ЦЗ | H50: 86 | K50: Модрич | L50: ЦП | M50: 84 | P50: Канте | Q50: ЦОП | R50: 84 | U50: Виртц | V50: ЦАП | W50: 80 | Z50: Мамардашвили | AA50: ВРТ | AB50: 82 | AE50: Диа | AF50: ФРВ | AG50: 82 | AJ50: Тюрам | AK50: ФРВ | AL50: 82
A51: Фоден | B51: ЦАП | C51: 84 | F51: Варан | G51: ЦЗ | H51: 84 | K51: Диас | L51: ЛФА | M51: 82 | P51: Кондогбия | Q51: ЦЗ | R51: 82 | U51: Дуглас Луис | V51: ЦП | W51: 80 | Z51: Угарте | AA51: ЦП | AB51: 81 | AE51: Кудус | AF51: ПФА | AG51: 81 | AJ51: Поуп | AK51: ВРТ | AL51: 81
A52: Аканжи | B52: ЦЗ | C52: 82 | F52: Шоу | G52: ЛЗ | H52: 83 | K52: Кошта | L52: ВРТ | M52: 82 | P52: Альмирон | Q52: ПФА | R52: 81 | U52: Эндо | V52: ЦП | W52: 80 | Z52: Кайседо | AA52: ЦОП | AB52: 80 | AE52: Лопеш | AF52: ВРТ | AG52: 81 | AJ52: Аит-Нури | AK52: ЛЗ | AL52: 80
A53: Аке | B53: ЦЗ | C53: 81 | F53: Отавиу | G53: ЦАП | H53: 82 | K53: Рабьо | L53: ЦП | M53: 80 | P53: Плеа | Q53: ЦАП | R53: 80 | U53: Бэйли | V53: ФРВ | W53: 79 | Z53: Бадиашиле | AA53: ЦЗ | AB53: 78 | AE53: Перишич | AF53: ЦП | AG53: 81 | AJ53: Мавропанос | AK53: ЦЗ | AL53: 78
A54: Самба | B54: ВРТ | C54: 81 | F54: Очоа | G54: ВРТ | H54: 81 | K54: Джуст | L54: ЦЗ | M54: 77 | P54: Райа | Q54: ВРТ | R54: 80 | U54: Кэш | V54: ПЗ | W54: 79 | Z54: Гринвуд | AA54: ПФА | AB54: 78 | AE54: Флорентину | AF54: ЦЗ | AG54: 80 | AJ54: Кунья | AK54: ЦАП | AL54: 76
A55: Барколя | B55: ЛФА | C55: 80 | F55: Антони | G55: ПФА | H55: 79 | K55: Цимикас | L55: ЛЗ | M55: 77 | P55: Томиясу | Q55: ЦЗ | R55: 80 | U55: Макгинн | V55: ЦП | W55: 79 | Z55: Джексон | AA55: ФРВ | AB55: 78 | AE55: Эзе | AF55: ЦАП | AG55: 80 | AJ55: Прёмель | AK55: ЦП | AL55: 76
A56: Нуньес | B56: ЦП | C56: 79 | F56: Ришарлисон | G56: ФРВ | H56: 79 | K56: Маурис | L56: ЦП | M56: 75 | P56: Смит Роу | Q56: ЛФА | R56: 78 | U56: Вейга | V56: ЦАП | W56: 78 | Z56: Бельерин | AA56: ПЗ | AB56: 77 | AE56: Удоджи | AF56: ЛЗ | AG56: 77 | AJ56: Гордон | AK56: ЛФА | AL56: 75
B57: резерв | G57: резерв | L57: резерв | Q57: резерв | V57: резерв | AA57: резерв | AF57: резерв | AK57: резерв
A58: Сильва | B58: ЦП | C58: 84 | F58: Амрабат | G58: ЦП | H58: 80 | K58: Тьяго | L58: ЦП | M58: 82 | P58: Парти | Q58: ЦОП | R58: 82 | U58: Буендиа | V58: ФРВ | W58: 80 | Z58: Джеко | AA58: ФРВ | AB58: 83 | AE58: Ло Чельсо | AF58: ЦАП | AG58: 81 | AJ58: Ачерби | AK58: ЦЗ | AL58: 83
A59: Ортега | B59: ВРТ | C59: 82 | F59: Мартинелли | G59: ФРВ | H59: 80 | K59: Мюллер | L59: ЦАП | M59: 81 | P59: Зинченко | Q59: ЛЗ | R59: 80 | U59: Гирасси | V59: ФРВ | W59: 79 | Z59: Даньума | AA59: ПФА | AB59: 81 | AE59: Роял | AF59: ПЗ | AG59: 78 | AJ59: Уилсон | AK59: ФРВ | AL59: 82
A60: Ванакен | B60: ЦП | C60: 80 | F60: Брентвейт | G60: ЦЗ | H60: 78 | K60: Матип | L60: ЦЗ | M60: 80 | P60: Уайт | Q60: ПЗ | R60: 80 | U60: Динь | V60: ЛЗ | W60: 79 | Z60: Кукурелья | AA60: ЛЗ | AB60: 79 | AE60: Сарабиа | AF60: ЦАП | AG60: 78 | AJ60: Бёрн | AK60: ЦЗ | AL60: 80
A61: Филлипс | B61: ЦОП | C61: 79 | F61: Гарначо | G61: ЛФА | H61: 78 | K61: Джонс | L61: ЦП | M61: 77 | P61: Дукуре | Q61: ЦП | R61: 77 | U61: Гехи | V61: ЦЗ | W61: 78 | Z61: Ланг | AA61: ЛФА | AB61: 78 | AE61: Толои | AF61: ЦЗ | AG61: 78 | AJ61: Дубравка | AK61: ВРТ | AL61: 78
A62: Вандерсон | B62: ПЗ | C62: 77 | F62: Пессина | G62: ЦАП | H62: 78 | K62: Гомес | L62: ЦЗ | M62: 75 | P62: Дамсгаард | Q62: ЦАП | R62: 76 | U62: Заниоло | V62: ФРВ | W62: 77 | Z62: Морита | AA62: ЦП | AB62: 78 | AE62: Билинг | AF62: ЦП | AG62: 77 | AJ62: Лонгстаф | AK62: ЦП | AL62: 78
A63: Брайда | B63: ЛЗ | C63: 76 | F63: Диалло | G63: ПФА | H63: 76 | K63: Браганса | L63: ЦП | M63: 74 | P63: Кирех | Q63: ЦАП | R63: 75 | U63: Ленглет | V63: ЦЗ | W63: 77 | Z63: Игорь | AA63: ЦЗ | AB63: 77 | AE63: Сессеньон | AF63: ЛЗ | AG63: 75 | AJ63: Ливраменто | AK63: ЛЗ | AL63: 77
A64: Одои | B64: ЛФА | C64: 75 | F64: Эрик Санчес | G64: ЦП | H64: 76 | K64: Микаутадзе | L64: ФРВ | M64: 74 | P64: Соланко | Q64: ФРВ | R64: 75 | U64: Акпом | V64: ФРВ | W64: 76 | Z64: Чалоба | AA64: ЦЗ | AB64: 76 | AE64: Диуф | AF64: ЦП | AG64: 74 | AJ64: Колпани | AK64: ЦП | AL64: 74
U65: Траоре | V65: ПФА | W65: 75 | AE65: Семеньо | AF65: ФРВ | AG65: 70
U66: Хато | V66: ЦЗ | W66: 73
A69: ="Реал "&MIN(5,SUMPRODUCT((LEN(A$71:A$99)>0)*(ISERROR(MATCH(A$71:A$99,_orig!$Q$2:$Q$26,0)))))&"/5 IN "&MIN(5,SUMPRODUCT((LEN(_orig!$Q$2:$Q$26)>0)*(ISERROR(MATCH(_orig!$Q$2:$Q$26,A$71:A$99,0)))))&"/5 OUT" | F69: ="Барселона "&MIN(5,SUMPRODUCT((LEN(F$71:F$99)>0)*(ISERROR(MATCH(F$71:F$99,_orig!$R$2:$R$26,0)))))&"/5 IN "&MIN(5,SUMPRODUCT((LEN(_orig!$R$2:$R$26)>0)*(ISERROR(MATCH(_orig!$R$2:$R$26,F$71:F$99,0)))))&"/5 OUT" | K69: ="Атлетико "&MIN(5,SUMPRODUCT((LEN(K$71:K$99)>0)*(ISERROR(MATCH(K$71:K$99,_orig!$S$2:$S$26,0)))))&"/5 IN "&MIN(5,SUMPRODUCT((LEN(_orig!$S$2:$S$26)>0)*(ISERROR(MATCH(_orig!$S$2:$S$26,K$71:K$99,0)))))&"/5 OUT" | P69: ="Атлетик "&MIN(5,SUMPRODUCT((LEN(P$71:P$99)>0)*(ISERROR(MATCH(P$71:P$99,_orig!$T$2:$T$26,0)))))&"/5 IN "&MIN(5,SUMPRODUCT((LEN(_orig!$T$2:$T$26)>0)*(ISERROR(MATCH(_orig!$T$2:$T$26,P$71:P$99,0)))))&"/5 OUT" | U69: ="Реал Сосьедад "&MIN(5,SUMPRODUCT((LEN(U$71:U$99)>0)*(ISERROR(MATCH(U$71:U$99,_orig!$U$2:$U$25,0)))))&"/5 IN "&MIN(5,SUMPRODUCT((LEN(_orig!$U$2:$U$25)>0)*(ISERROR(MATCH(_orig!$U$2:$U$25,U$71:U$99,0)))))&"/5 OUT" | Z69: ="Севилья "&MIN(5,SUMPRODUCT((LEN(Z$71:Z$99)>0)*(ISERROR(MATCH(Z$71:Z$99,_orig!$V$2:$V$25,0)))))&"/5 IN "&MIN(5,SUMPRODUCT((LEN(_orig!$V$2:$V$25)>0)*(ISERROR(MATCH(_orig!$V$2:$V$25,Z$71:Z$99,0)))))&"/5 OUT" | AE69: ="Жирона "&MIN(5,SUMPRODUCT((LEN(AE$71:AE$99)>0)*(ISERROR(MATCH(AE$71:AE$99,_orig!$W$2:$W$25,0)))))&"/5 IN "&MIN(5,SUMPRODUCT((LEN(_orig!$W$2:$W$25)>0)*(ISERROR(MATCH(_orig!$W$2:$W$25,AE$71:AE$99,0)))))&"/5 OUT" | AJ69: ="Бетис "&MIN(5,SUMPRODUCT((LEN(AJ$71:AJ$99)>0)*(ISERROR(MATCH(AJ$71:AJ$99,_orig!$X$2:$X$25,0)))))&"/5 IN "&MIN(5,SUMPRODUCT((LEN(_orig!$X$2:$X$25)>0)*(ISERROR(MATCH(_orig!$X$2:$X$25,AJ$71:AJ$99,0)))))&"/5 OUT"
B70: старт | G70: старт | L70: старт | Q70: старт | V70: старт | AA70: старт | AF70: старт | AK70: старт
A71: Кроос | B71: ЦП | C71: 87 | F71: Лева | G71: ФРВ | H71: 91 | K71: Родри | L71: ЦОП | M71: 89 | P71: Леау | Q71: ФРВ | R71: 89 | U71: Ремиро | V71: ВРТ | W71: 86 | Z71: Гонсалвеш | AA71: ФРВ | AB71: 86 | AE71: Газзанига | AF71: ВРТ | AG71: 84 | AJ71: Феликс | AK71: ФРВ | AL71: 84
A72: Нкунку | B72: ПФА | C72: 87 | F72: Араухо | G72: ЦЗ | H72: 90 | K72: Мората | L72: ФРВ | M72: 88 | P72: Сансет | Q72: ЦП | R72: 85 | U72: Вендел | V72: ЦП | W72: 85 | Z72: Рамос | AA72: ЦЗ | AB72: 84 | AE72: Жиру | AF72: ФРВ | AG72: 82 | AJ72: Шкриньяр | AK72: ЦЗ | AL72: 84
A73: Родриго | B73: ЛФА | C73: 87 | F73: Педри | G73: ЦАП | H73: 90 | K73: Облак | L73: ВРТ | M73: 88 | P73: Вивиан | Q73: ЦЗ | R73: 84 | U73: Ди Мария | V73: ПФА | W73: 85 | Z73: Лукебакио | AA73: ПФА | AB73: 83 | AE73: Эступинан | AF73: ЛЗ | AG73: 82 | AJ73: Витинья | AK73: ЦП | AL73: 83
A74: Алаба | B74: ЦЗ | C74: 86 | F74: Рафинья | G74: ПФА | H74: 89 | K74: Рейнилдо | L74: ЛЗ | M74: 87 | P74: Кулушевски | Q74: ЦП | R74: 84 | U74: Мендез | V74: ЦП | W74: 85 | Z74: Навас | AA74: ПЗ | AB74: 83 | AE74: Алейш Гарсия | AF74: ЦП | AG74: 81 | AJ74: Гидо Родригез | AK74: ЦОП | AL74: 83
A75: Браим | B75: ЦАП | C75: 86 | F75: Тер Штеген | G75: ВРТ | H75: 89 | K75: Лемар | L75: ЦП | M75: 86 | P75: Муниаин | Q75: ЦАП | R75: 84 | U75: Оярзабаль | V75: ЦАП | W75: 85 | Z75: Итакура | AA75: ЦЗ | AB75: 82 | AE75: Перейра | AF75: ЦП | AG75: 81 | AJ75: Иско | AK75: ЦАП | AL75: 83
A76: Гарсия | B76: ЛЗ | C76: 86 | F76: Бремер | G76: ЦЗ | H76: 88 | K76: Молина | L76: ПЗ | M76: 86 | P76: Симон | Q76: ВРТ | R76: 84 | U76: Кимпембе | V76: ЦЗ | W76: 82 | Z76: Карраско | AA76: ЛФА | AB76: 82 | AE76: Мартинес | AF76: ПЗ | AG76: 80 | AJ76: Силва | AK76: ВРТ | AL76: 83
A77: Лукаку | B77: ФРВ | C77: 86 | F77: Канселу | G77: ПЗ | H77: 87 | K77: Льоренте | L77: ЦП | M77: 85 | P77: Нико | Q77: ЛФА | R77: 83 | U77: Фернандес | V77: ПЗ | W77: 82 | Z77: Ундав | AA77: ЦП | AB77: 82 | AE77: Промес | AF77: ЛФА | AG77: 80 | AJ77: Галан | AK77: ЛЗ | AL77: 82
A78: Начо | B78: ЦЗ | C78: 86 | F78: Неймар | G78: ЛФА | H78: 87 | K78: Савич | L78: ЦЗ | M78: 85 | P78: Иньяки | Q78: ПФА | R78: 82 | U78: Тирни | V78: ЛЗ | W78: 80 | Z78: Льорис | AA78: ВРТ | AB78: 81 | AE78: Пулишич | AF78: ПФА | AG78: 79 | AJ78: Васкез | AK78: ПЗ | AL78: 81
A79: Куртуа | B79: ВРТ | C79: 85 | F79: Де Йонг | G79: ЦП | H79: 86 | K79: Обамеянг | L79: ФРВ | M79: 83 | P79: Траоре | Q79: ПЗ | R79: 82 | U79: Элустондо | V79: ЦЗ | W79: 80 | Z79: Закария | AA79: ЦП | AB79: 79 | AE79: Эррера | AF79: ЦАП | AG79: 77 | AJ79: Ханко | AK79: ЦЗ | AL79: 81
A80: Эриксен | B80: ЦП | C80: 84 | F80: Бальде | G80: ЛЗ | H80: 85 | K80: Джикия | L80: ЦЗ | M80: 82 | P80: Йерай | Q80: ЦЗ | R80: 80 | U80: Лориент | V80: ЛФА | W80: 79 | Z80: Каку | AA80: ЦАП | AB80: 79 | AE80: Ангуло | AF80: ЦЗ | AG80: 74 | AJ80: Эль Шарави | AK80: ЛФА | AL80: 81
A81: Лампти | B81: ПЗ | C81: 78 | F81: Гави | G81: ЦП | H81: 84 | K81: Алмада | L81: ЦАП | M81: 81 | P81: Лоди | Q81: ЛЗ | R81: 79 | U81: Тюкавин | V81: ФРВ | W81: 74 | Z81: Педроса | AA81: ЛЗ | AB81: 79 | AE81: Брабек | AF81: ЦЗ | AG81: 74 | AJ81: Науфф | AK81: ПФА | AL81: 77
B82: запас | G82: запас | L82: запас | Q82: запас | V82: запас | AA82: запас | AF82: запас | AK82: запас
A83: Вальверде | B83: ЦОП | C83: 86 | F83: Гюндоган | G83: ЦП | H83: 85 | K83: Депай | L83: ЦАП | M83: 86 | P83: Пикфорд | Q83: ВРТ | R83: 82 | U83: Лено | V83: ВРТ | W83: 82 | Z83: Окампос | AA83: ЛФА | AB83: 81 | AE83: Медина | AF83: ЦЗ | AG83: 80 | AJ83: Пепе | AK83: ЦЗ | AL83: 81
A84: Маркиньос | B84: ЦЗ | C84: 85 | F84: Палазон | G84: ЛФА | H84: 85 | K84: Корреа | L84: ФРВ | M84: 84 | P84: Торрейра | Q84: ЦП | R84: 82 | U84: Зубименди | V84: ЦП | W84: 80 | Z84: Дмитрович | AA84: ВРТ | AB84: 80 | AE84: Блинд | AF84: ЦЗ | AG84: 79 | AJ84: Терье | AK84: ЛФА | AL84: 81
A85: Тчуамени | B85: ЦП | C85: 84 | F85: Кристенсен | G85: ЦЗ | H85: 83 | K85: Хоселу | L85: ФРВ | M85: 83 | P85: Андер Эррера | Q85: ЦП | R85: 80 | U85: Ле Норманд | V85: ЦЗ | W85: 80 | Z85: Виска | AA85: ПФА | AB85: 79 | AE85: Марчесин | AF85: ВРТ | AG85: 78 | AJ85: Ндиди | AK85: ЦОП | AL85: 79
A86: Дембеле | B86: ПФА | C86: 83 | F86: Кунде | G86: ЦЗ | H86: 83 | K86: Эрмосо | L86: ЦЗ | M86: 81 | P86: Демираль | Q86: ЦЗ | R86: 77 | U86: Ройс | V86: ЦАП | W86: 80 | Z86: Жоелинтон | AA86: ЦП | AB86: 79 | AE86: Савио | AF86: ЛФА | AG86: 77 | AJ86: Алмейда | AK86: ЦП | AL86: 78
A87: Карвахаль | B87: ПЗ | C87: 82 | F87: Флеккен | G87: ВРТ | H87: 82 | K87: Муслера | L87: ВРТ | M87: 80 | P87: Хартман | Q87: ЛЗ | R87: 77 | U87: Семедо | V87: ПЗ | W87: 78 | Z87: Пиннок | AA87: ЦЗ | AB87: 79 | AE87: Сотока | AF87: ФРВ | AG87: 77 | AJ87: Максимино | AK87: ВРТ | AL87: 78
A88: Кепа | B88: ВРТ | C88: 82 | F88: Аль-Мусрати | G88: ЦОП | H88: 81 | K88: Тюрам | L88: ЦП | M88: 79 | P88: Джонсон | Q88: ПФА | R88: 76 | U88: Авонийи | V88: ФРВ | W88: 77 | Z88: Мохамед Камара | AA88: ЦП | AB88: 78 | AE88: Батурина | AF88: ЦП | AG88: 74 | AJ88: Луиз Энрике | AK88: ЛФА | AL88: 77
A89: Талиска | B89: ЦАП | C89: 82 | F89: Висса | G89: ЛФА | H89: 77 | K89: Рамирез | L89: ЛЗ | M89: 75 | P89: Эрнандез | Q89: ФРВ | R89: 76 | U89: Захарян | V89: ЛФА | W89: 76 | Z89: Сков | AA89: ЛЗ | AB89: 78 | AE89: Сучич | AF89: ЦАП | AG89: 74 | AJ89: Миранда | AK89: ЛЗ | AL89: 77
B90: резерв | G90: резерв | L90: резерв | Q90: резерв | V90: резерв | AA90: резерв | AF90: резерв | AK90: резерв
A91: Камавинга | B91: ЦП | C91: 82 | F91: Алексис Санчес | G91: ФРВ | H91: 81 | K91: Де Поль | L91: ЦП | M91: 84 | P91: Бробби | Q91: ФРВ | R91: 78 | U91: Зубельдиа | V91: ЦЗ | W91: 80 | Z91: Джордан | AA91: ЦП | AB91: 80 | AE91: Адли | AF91: ФРВ | AG91: 77 | AJ91: Черны | AK91: ПФА | AL91: 79
A92: Милитао | B92: ЦЗ | C92: 82 | F92: Роберто | G92: ПЗ | H92: 80 | K92: Сауль | L92: ЦП | M92: 81 | P92: Де Маркос | Q92: ПЗ | R92: 78 | U92: Хорта | V92: ЦП | W92: 77 | Z92: Ламела | AA92: ПФА | AB92: 80 | AE92: Гутиеррез | AF92: ЛЗ | AG92: 75 | AJ92: Бартра | AK92: ЦЗ | AL92: 78
A93: Рюдигер | B93: ЦЗ | C93: 82 | F93: Уннерсталь | G93: ВРТ | H93: 80 | K93: Адамс | L93: ЦОП | M93: 78 | P93: Галаррета | Q93: ЦП | R93: 77 | U93: Десподов | V93: ПФА | W93: 76 | Z93: Ракитич | AA93: ЦОП | AB93: 80 | AE93: Порту | AF93: ПФА | AG93: 75 | AJ93: Скамака | AK93: ФРВ | AL93: 78
A94: Менди | B94: ЛЗ | C94: 80 | F94: Бард | G94: ЛЗ | H94: 77 | K94: Рикельме | L94: ЛФА | M94: 77 | P94: Гурузета | Q94: ФРВ | R94: 77 | U94: Барренечеа | V94: ЛФА | W94: 75 | Z94: Соу | AA94: ЦП | AB94: 78 | AE94: Чомерт | AF94: ЦЗ | AG94: 75 | AJ94: Актюркоглу | AK94: ЛФА | AL94: 77
A95: Юсуф Фофана | B95: ЦП | C95: 80 | F95: Дорли | G95: ЦП | H95: 76 | K95: Сёюнджю | L95: ЦЗ | M95: 77 | P95: Лерма | Q95: ЦП | R95: 77 | U95: Муньоз | V95: ЛЗ | W95: 72 | Z95: Сумаре | AA95: ЦОП | AB95: 75 | AE95: Валери | AF95: ПЗ | AG95: 73 | AJ95: Нельсон | AK95: ЦЗ | AL95: 77
A96: Калверт-Льюин | B96: ФРВ | C96: 77 | F96: Тавареш | G96: ЛЗ | H96: 76 | K96: Альварез | L96: ПЗ | M96: 75 | P96: Шапаренко | Q96: ЦП | R96: 77 | U96: Чо | V96: ФРВ | W96: 72 | Z96: Нианзу | AA96: ЦЗ | AB96: 73 | AE96: Торре | AF96: ЦАП | AG96: 70 | AJ96: Сабали | AK96: ПЗ | AL96: 77
A97: Поттер | B97: ЛФА | C97: 72 | F97: Огбу | G97: ЦЗ | H97: 75 | K97: Фернандо | L97: ФРВ | M97: 73 | P97: Иманол | Q97: ЛЗ | R97: 70
A102: ="Интер "&MIN(5,SUMPRODUCT((LEN(A$104:A$132)>0)*(ISERROR(MATCH(A$104:A$132,_orig!$Y$2:$Y$26,0)))))&"/5 IN "&MIN(5,SUMPRODUCT((LEN(_orig!$Y$2:$Y$26)>0)*(ISERROR(MATCH(_orig!$Y$2:$Y$26,A$104:A$132,0)))))&"/5 OUT" | F102: ="Милан "&MIN(5,SUMPRODUCT((LEN(F$104:F$132)>0)*(ISERROR(MATCH(F$104:F$132,_orig!$Z$2:$Z$28,0)))))&"/5 IN "&MIN(5,SUMPRODUCT((LEN(_orig!$Z$2:$Z$28)>0)*(ISERROR(MATCH(_orig!$Z$2:$Z$28,F$104:F$132,0)))))&"/5 OUT" | K102: ="Ювентус "&MIN(5,SUMPRODUCT((LEN(K$104:K$132)>0)*(ISERROR(MATCH(K$104:K$132,_orig!$AA$2:$AA$25,0)))))&"/5 IN "&MIN(5,SUMPRODUCT((LEN(_orig!$AA$2:$AA$25)>0)*(ISERROR(MATCH(_orig!$AA$2:$AA$25,K$104:K$132,0)))))&"/5 OUT" | P102: ="Наполи "&MIN(5,SUMPRODUCT((LEN(P$104:P$132)>0)*(ISERROR(MATCH(P$104:P$132,_orig!$AB$2:$AB$25,0)))))&"/5 IN "&MIN(5,SUMPRODUCT((LEN(_orig!$AB$2:$AB$25)>0)*(ISERROR(MATCH(_orig!$AB$2:$AB$25,P$104:P$132,0)))))&"/5 OUT" | U102: ="Аталанта "&MIN(5,SUMPRODUCT((LEN(U$104:U$132)>0)*(ISERROR(MATCH(U$104:U$132,_orig!$AC$2:$AC$25,0)))))&"/5 IN "&MIN(5,SUMPRODUCT((LEN(_orig!$AC$2:$AC$25)>0)*(ISERROR(MATCH(_orig!$AC$2:$AC$25,U$104:U$132,0)))))&"/5 OUT" | Z102: ="Фиорентина "&MIN(5,SUMPRODUCT((LEN(Z$104:Z$132)>0)*(ISERROR(MATCH(Z$104:Z$132,_orig!$AD$2:$AD$27,0)))))&"/5 IN "&MIN(5,SUMPRODUCT((LEN(_orig!$AD$2:$AD$27)>0)*(ISERROR(MATCH(_orig!$AD$2:$AD$27,Z$104:Z$132,0)))))&"/5 OUT" | AE102: ="Лацио "&MIN(5,SUMPRODUCT((LEN(AE$104:AE$132)>0)*(ISERROR(MATCH(AE$104:AE$132,_orig!$AE$2:$AE$24,0)))))&"/5 IN "&MIN(5,SUMPRODUCT((LEN(_orig!$AE$2:$AE$24)>0)*(ISERROR(MATCH(_orig!$AE$2:$AE$24,AE$104:AE$132,0)))))&"/5 OUT" | AJ102: ="Рома "&MIN(5,SUMPRODUCT((LEN(AJ$104:AJ$132)>0)*(ISERROR(MATCH(AJ$104:AJ$132,_orig!$AF$2:$AF$26,0)))))&"/5 IN "&MIN(5,SUMPRODUCT((LEN(_orig!$AF$2:$AF$26)>0)*(ISERROR(MATCH(_orig!$AF$2:$AF$26,AJ$104:AJ$132,0)))))&"/5 OUT"
B103: старт | G103: старт | L103: старт | Q103: старт | V103: старт | AA103: старт | AF103: старт | AK103: старт
A104: Берарди | B104: ПП | C104: 90 | F104: Бензема | G104: ФРВ | H104: 90 | K104: Влашич | L104: ЦАП | M104: 88 | P104: Квара | Q104: ЛФА | R104: 90 | U104: Чесны | V104: ВРТ | W104: 89 | Z104: Гонзалез | AA104: ПФА | AB104: 83 | AE104: Дардер | AF104: ЦП | AG104: 83 | AJ104: Гнабри | AK104: ЛФА | AL104: 87
A105: Зоммер | B105: ВРТ | C105: 90 | F105: Вини | G105: ЛФА | H105: 88 | K105: Проведель | L105: ВРТ | M105: 88 | P105: Осимен | Q105: ФРВ | R105: 90 | U105: Миранчук | V105: ФРВ | W105: 86 | Z105: Секу Фофана | AA105: ЦП | AB105: 82 | AE105: Торрес | AF105: ЛФА | AG105: 82 | AJ105: Пеллегрини | AK105: ЦАП | AL105: 85
A106: Мартинез | B106: ФРВ | C106: 90 | F106: Терраччано | G106: ВРТ | H106: 88 | K106: Костич | L106: ПФА | M106: 87 | P106: Мерет | Q106: ВРТ | R106: 87 | U106: Муриэль | V106: ПФА | W106: 85 | Z106: Нзола | AA106: ЛФА | AB106: 81 | AE106: Камада | AF106: ЦАП | AG106: 81 | AJ106: Патрисио | AK106: ВРТ | AL106: 84
A107: Барелла | B107: ЦП | C107: 89 | F107: Беннасер | G107: ЦП | H107: 84 | K107: Кьеза | L107: ЛФА | M107: 87 | P107: Лоботка | Q107: ЦП | R107: 86 | U107: Орбан | V107: ЦЗ | W107: 83 | Z107: Мингз | AA107: ЦЗ | AB107: 79 | AE107: Иммобиле | AF107: ФРВ | AG107: 80 | AJ107: Азмун | AK107: ФРВ | AL107: 83
A108: Арнаутович | B108: ФРВ | C108: 87 | F108: Хакими | G108: ПЗ | H108: 84 | K108: Альба | L108: ЛЗ | M108: 84 | P108: Рахмани | Q108: ЦЗ | R108: 86 | U108: Пашалич | V108: ЦАП | W108: 83 | Z108: Садик | AA108: ФРВ | AB108: 79 | AE108: Лаззари | AF108: ПЗ | AG108: 80 | AJ108: Кристанте | AK108: ЦП | AL108: 83
A109: Думфрис | B109: ПЗ | C109: 86 | F109: Ангисса | G109: ЦОП | H109: 83 | K109: Эн-Несри | L109: ФРВ | M109: 84 | P109: Романьоли | Q109: ЦЗ | R109: 86 | U109: Симонс | V109: ЛФА | W109: 83 | Z109: Бираги | AA109: ЛЗ | AB109: 78 | AE109: Фраттези | AF109: ЦП | AG109: 80 | AJ109: Манчини | AK109: ЦЗ | AL109: 83
A110: Чалханоглу | B110: ЦП | C110: 86 | F110: Рейндерс | G110: ЦП | H110: 83 | K110: Инасиу | L110: ЦЗ | M110: 82 | P110: Сака | Q110: ПФА | R110: 86 | U110: Гайа | V110: ПЗ | W110: 82 | Z110: Ворд-Прауз | AA110: ЦП | AB110: 78 | AE110: Бейси | AF110: ЦЗ | AG110: 77 | AJ110: Карсдорп | AK110: ПЗ | AL110: 81
...

Sheet _orig
A1: Цска | B1: Зенит | C1: Краснодар | D1: Локомотив | E1: Спартак | F1: Динамо | G1: Крылья Советов | H1: Урал | I1: Сити | J1: Мю | K1: Ливерпуль | L1: Арсенал | M1: Астон Вилла | N1: Челси | O1: Тоттенхэм | P1: Ньюкасл | Q1: Реал | R1: Барселона | S1: Атлетико | T1: Атлетик | U1: Реал Сосьедад | V1: Севилья | W1: Жирона | X1: Бетис | Y1: Интер | Z1: Милан | AA1: Ювентус | AB1: Наполи | AC1: Аталанта | AD1: Фиорентина | AE1: Лацио | AF1: Рома | AG1: Бавария | AH1: Дортмунд | AI1: Байер | AJ1: Лейпциг | AK1: Франкфурт | AL1: Боруссия М | AM1: Вольфсбург | AN1: Хоффенхайм
A2: Балогун | B2: Давид | C2: Буанга | D2: Бардакджы | E2: Орта | F2: Альварез | G2: Бонджорно | H2: Гудмундсон | I2: Де Брюйне | J2: Фернандеш | K2: Алиссон | L2: Салиба | M2: Мартинез | N2: Марез | O2: Сон | P2: Буну | Q2: Кроос | R2: Лева | S2: Родри | T2: Леау | U2: Ремиро | V2: Гонсалвеш | W2: Газзанига | X2: Феликс | Y2: Берарди | Z2: Бензема | AA2: Влашич | AB2: Квара | AC2: Чесны | AD2: Гонзалез | AE2: Дардер | AF2: Гнабри | AG2: Кейн | AH2: Шлоттербек | AI2: Андрих | AJ2: Клаудиньо | AK2: Гётце | AL2: Кванкара | AM2: Кастилс | AN2: Аспас
A3: Гроб | B3: Кержаков | C3: Верету | D3: Гедеш | E3: Данк | F3: Карраскаль | G3: Ито | H3: Лафонт | I3: Месси | J3: Каземиро | K3: Жота | L3: Одегаард | M3: Джеймс | N3: Сильва | O3: Мэддисон | P3: Трипье | Q3: Нкунку | R3: Араухо | S3: Мората | T3: Сансет | U3: Вендел | V3: Рамос | W3: Жиру | X3: Шкриньяр | Y3: Зоммер | Z3: Вини | AA3: Проведель | AB3: Осимен | AC3: Миранчук | AD3: Секу Фофана | AE3: Торрес | AF3: Пеллегрини | AG3: Нойер | AH3: Кобель | AI3: Гримальдо | AJ3: Ольмо | AK3: Мусиаля | AL3: Кессие | AM3: Арнольд | AN3: Бауманн
A4: Вебстер | B4: Трехо | C4: Лопез | D4: Муссо | E4: Далот | F4: Хенри | G4: Фергюсон | H4: Ольсен | I4: Холанд | J4: Милинкович-Савич | K4: Мбаппе | L4: Хаверц | M4: Торрес | N4: Стерлинг | O4: Хёйберг | P4: Исак | Q4: Родриго | R4: Педри | S4: Облак | T4: Вивиан | U4: Ди Мария | V4: Лукебакио | W4: Эступинан | X4: Витинья | Y4: Мартинез | Z4: Терраччано | AA4: Костич | AB4: Мерет | AC4: Муриэль | AD4: Нзола | AE4: Камада | AF4: Патрисио | AG4: Дэвис | AH4: Дибала | AI4: Хофманн | AJ4: Вернер | AK4: Трапп | AL4: Ливакович | AM4: Майер | AN4: Диоп
A5: Симеоне | B5: Заха | C5: Клюверт | D5: Франковски | E5: Мухтар | F5: Шешко | G5: Какерет | H5: Каштанов | I5: Тонали | J5: Де Лигт | K5: Смоллинг | L5: Мерино | M5: Гакпо | N5: Фофана | O5: Бентанкур | P5: Рафа | Q5: Алаба | R5: Рафинья | S5: Рейнилдо | T5: Кулушевски | U5: Мендез | V5: Навас | W5: Алейш Гарсия | X5: Гидо Родригез | Y5: Барелла | Z5: Беннасер | AA5: Кьеза | AB5: Лоботка | AC5: Орбан | AD5: Мингз | AE5: Иммобиле | AF5: Азмун | AG5: Мин Дже | AH5: Мален | AI5: Градецки | AJ5: Доннарумма | AK5: Баку | AL5: Синистерра | AM5: Лакруа | AN5: Крамарич
A6: Спортиелло | B6: Фомин | C6: Умтити | D6: Виффер | E6: Пепе | F6: Альваро Гарсия | G6: Ниакате | H6: Егорычев | I6: Габриэль | J6: Онана | K6: Александер-Арнольд | L6: Коло Муани | M6: Сперцян | N6: Энцо | O6: Ван Де Вен | P6: Ботман | Q6: Браим | R6: Тер Штеген | S6: Лемар | T6: Муниаин | U6: Оярзабаль | V6: Итакура | W6: Перейра | X6: Иско | Y6: Арнаутович | Z6: Хакими | AA6: Альба | AB6: Рахмани | AC6: Пашалич | AD6: Садик | AE6: Лаззари | AF6: Кристанте | AG6: Упамекано | AH6: Фред | AI6: Иконе | AJ6: Опенда | AK6: Мармуш | AL6: Фелипе | AM6: Линдстром | AN6: Бакайоко
A7: Мойзес | B7: Алип | C7: Диоманде | D7: Миранчук | E7: Маркао | F7: Мауро | G7: Рахманович | H7: Бевеев | I7: Рэшфорд | J7: Брозович | K7: Робертсон | L7: Райс | M7: Тилеманс | N7: Санчез | O7: Ромеро | P7: Шар | Q7: Гарсия | R7: Бремер | S7: Молина | T7: Симон | U7: Кимпембе | V7: Карраско | W7: Мартинес | X7: Силва | Y7: Думфрис | Z7: Ангисса | AA7: Эн-Несри | AB7: Романьоли | AC7: Симонс | AD7: Бираги | AE7: Фраттези | AF7: Манчини | AG7: Горетцка | AH7: Джан | AI7: Лозано | AJ7: Иниго Мартинез | AK7: Кох | AL7: Хульманд | AM7: Нмеча | AN7: Гиббс-Уайт
A8: Тиллман | B8: Шутало | C8: Жедсон | D8: Кастильехо | E8: Маффео | F8: Трубин | G8: Гарре | H8: Бегич | I8: Уокер | J8: Марсиаль | K8: Конате | L8: Габриэль Жезус | M8: Конса | N8: Фекир | O8: Викарио | P8: Уиллок | Q8: Лукаку | R8: Канселу | S8: Льоренте | T8: Нико | U8: Фернандес | V8: Ундав | W8: Промес | X8: Галан | Y8: Чалханоглу | Z8: Рейндерс | AA8: Инасиу | AB8: Сака | AC8: Гайа | AD8: Ворд-Прауз | AE8: Бейси | AF8: Карсдорп | AG8: Киммих | AH8: Касьерра | AI8: Клаус | AJ8: Кокчу | AK8: Пачо | AL8: Гертруида | AM8: Виммер | AN8: Салай
A9: Сако | B9: Абдулхамид | C9: Макс | D9: Локо | E9: Зобнин | F9: Чавез | G9: Писарский | H9: Дмитриев | I9: Гвардиоль | J9: Ван-Биссака | K9: Коке | L9: Тимбер | M9: Морено | N9: Галлагер | O9: Порро | P9: Коне | Q9: Начо | R9: Неймар | S9: Савич | T9: Иньяки | U9: Тирни | V9: Льорис | W9: Пулишич | X9: Васкез | Y9: Бастони | Z9: Чуквуезе | AA9: Бах | AB9: Люка Эрнандез | AC9: Антониу Сильва | AD9: Сафонов | AE9: Касале | AF9: Пакета | AG9: Фримпонг | AH9: Адейеми | AI9: Руис | AJ9: Симакан | AK9: Тута | AL9: Вайгль | AM9: Маэле | AN9: Сугавару
A10: Зджелар | B10: Вильмар Барриос | C10: Мата | D10: Теате | E10: Игнатов | F10: О'райли | G10: Ломаев | H10: Мишкич | I10: Стоунз | J10: Хименес | K10: Собослай | L10: Рамсдейл | M10: Тодибо | N10: Маатсен | O10: Хулиан Альварез | P10: Перейра | Q10: Куртуа | R10: Де Йонг | S10: Обамеянг | T10: Траоре | U10: Элустондо | V10: Закария | W10: Эррера | X10: Ханко | Y10: Димарко | Z10: Эрнандез | AA10: Заир-Эмери | AB10: Ди Лоренцо | AC10: Илич | AD10: Нуньез | AE10: Машадо | AF10: Спиназолла | AG10: Коман | AH10: Мендеш | AI10: Синго | AJ10: Клостерманн | AK10: Дина Эбимбе | AL10: Коронадо | AM10: Сванберг | AN10: Доку
A11: Мендес | B11: Труфферт | C11: Жуниор | D11: Баринов | E11: Бабич | F11: Ругани | G11: Костанца | H11: Кики | I11: Палинья | J11: Маласия | K11: Гравенберх | L11: Акунья | M11: Ровелла | N11: Гюсто | O11: Куадрадо | P11: Эспино | Q11: Эриксен | R11: Бальде | S11: Джикия | T11: Йерай | U11: Лориент | V11: Каку | W11: Ангуло | X11: Эль Шарави | Y11: Мхитарян | Z11: Томори | AA11: Рейс | AB11: Невеш | AC11: Хатебур | AD11: Эллиотт | AE11: Шунин | AF11: Ндика | AG11: Рёль | AH11: Хуммельс | AI11: Гюлер | AJ11: Сейвальд | AK11: Корона | AL11: Нетц | AM11: Фишер | AN11: Керкес
A12: Дивеев | B12: Нгамалу | C12: Кокшаров | D12: Диатта | E12: Селихов | F12: Силас | G12: Салтыков | H12: Эмерсон | I12: Эдерсон | J12: Нуньес | K12: Олисе | L12: Диаш | M12: Рэмзи | N12: Мадуэке | O12: Сантос | P12: Хараслин | Q12: Лампти | R12: Гави | S12: Алмада | T12: Лоди | U12: Тюкавин | V12: Педроса | W12: Брабек | X12: Науфф | Y12: Кулибали | Z12: Тапсоба | AA12: Фаджиоли | AB12: Элмас | AC12: Торрес | AD12: Додо | AE12: Андерсон | AF12: Пайшао | AG12: Сане | AH12: Марушич | AI12: Хинкапи | AJ12: Раум | AK12: Нкунку | AL12: Телло | AM12: Борнау | AN12: Стах
... A24: Хелльвен | B24: Мантуан | C24: Кайо | D24: Тикнизян | E24: Зиньковский | F24: Скопинцев | G24: Иванисеня | H24: Мамин | I24: Вандерсон | J24: Пессина | K24: Гомес | L24: Дамсгаард | M24: Заниоло | N24: Морита | O24: Билинг | P24: Лонгстаф | Q24: Юсуф Фофана | R24: Дорли | S24: Сёюнджю | T24: Лерма | U24: Муньоз | V24: Сумаре | W24: Валери | X24: Нельсон | Y24: Миша | Z24: Пинеда | AA24: Коуто | AB24: Матеус Энрике | AC24: Баккер | AD24: Малком | AE24: Пеллегрини | AF24: Тейлор | AG24: Лаймер | AH24: Нмеча | AI24: Станишич | AJ24: Изуни | AK24: Ларссон | AL24: Фридрих | AM24: Буфаль | AN24: Кабак
A25: Файзуллаев | B25: Чистяков | C25: Олаза | D25: Самошников | E25: Хлусевич | F25: Фернандез | G25: Рассказов | H25: Газинский | I25: Брайда | J25: Диалло | K25: Браганса | L25: Кирех | M25: Ленглет | N25: Игорь | O25: Сессеньон | P25: Ливраменто | Q25: Калверт-Льюин | R25: Тавареш | S25: Альварез | T25: Шапаренко | U25: Чо | V25: Нианзу | W25: Торре | X25: Сабали | Y25: Уоткинс | Z25: Зубер | AA25: Камбиасо | AB25: Маммана | AC25: Холм | AD25: Соттил | AF25: Виктор | AG25: Мотинг | AH25: Галларно | AI25: Стиллер | AJ25: Хайдара | AL25: Себашё | AM25: Оздоев | AN25: Довбык
A26: Агапов | C26: Кривцов | D26: Сильянов | F26: Бителло | G26: Йилдыз | H26: Юшин | I26: Одои | J26: Эрик Санчес | K26: Микаутадзе | L26: Соланко | M26: Акпом | N26: Чалоба | O26: Диуф | P26: Колпани | Q26: Поттер | R26: Огбу | S26: Фернандо | T26: Иманол | Y26: Койта | Z26: Побега | AD26: Джене | AF26: Дилросун | AG26: Давсари | AH26: Мукоко | AJ26: Блашвич | AM26: Батши | AN26: Лекуе
A27: Ермаков | F27: Гагнидзе | M27: Траоре | O27: Семеньо | Z27: Тиау | AD27: Паризи | AH27: Шарахили | AJ27: Солет | AN27: Нсоки
M28: Хато | Z28: Эль Ямик | AJ28: Судаков | AN28: Джон
